title,content
Tips for better sleep hygiene,This guide offers practical advice on creating optimal conditions for quality sleep.
Nutrition guide for marathon runners,An informative article providing insights on the specific nutritional needs of marathon runners.
How to stretch before a morning jog,A step-by-step guide demonstrating essential stretching exercises before a morning jog.
Meditation techniques for stress relief,This article introduces various meditation practices designed to help manage and reduce stress.
Hydration advice for athletes,An important guide discussing the crucial role of proper hydration in athletic performance.
Breathing exercises for yoga,This article provides a selection of key breathing exercises (Pranayama) used in yoga practice.
Guide to maintaining workout equipment,An essential manual for anyone looking to extend the lifespan of their workout equipment.
Importance of rest days in workout routine,This piece delves into the science behind the need for rest days in any workout routine.
The role of protein in muscle recovery,An informative article examining the crucial role of protein in repairing and building muscles after a workout.
Steps to do a perfect Pilates roll-up,A detailed tutorial describing the correct technique to perform a Pilates roll-up.
Exercises for upper body strength,A comprehensive list of exercises designed to enhance upper body strength.
How to do a proper push-up,A detailed tutorial focusing on the correct technique for performing push-ups.
Guide to weightlifting for shoulder muscles,An in-depth guide exploring various weightlifting exercises specifically targeting the shoulder muscles.
Workout routine for chest and arms,This article presents a well-structured workout routine concentrating on the chest and arms.
Training program for upper body muscle building,A robust training program designed for individuals aiming to build muscle mass in the upper body.
